﻿<?xml version="1.0" encoding="utf-8" ?>
<Defs>

  <!-- ============= Hauling ============= -->

	<WorkGiverDef>
		<defName>DoBillsGachaMachine</defName>
		<label>draw gachapons</label>
		<giverClass>WorkGiver_DoBill</giverClass>
		<workType>Hauling</workType>
		<priorityInType>45</priorityInType>
		<fixedBillGiverDefs>
			<li>GachaMachine</li>
		</fixedBillGiverDefs>
		<verb>draw</verb>
		<gerund>drawing at</gerund>
		<requiredCapacities>
			<li>Manipulation</li>
		</requiredCapacities>
		<prioritizeSustains>true</prioritizeSustains>
	</WorkGiverDef>

</Defs>